Disease,PFC,TGA,Fallot,PAIVS,TAPVD,Lung
__,0.03348,0.310105,0.324745,0.257445,0.03524,0.038985
