Disease,PFC,TGA,Fallot,PAIVS,TAPVD,Lung
0.0389545,0.3038185,0.2991555,0.267354,0.044774,0.0459435
[0.0389545, 0.3038185, 0.2991555, 0.267354, 0.044774, 0.0459435],