Disease,PFC,TGA,Fallot,PAIVS,TAPVD,Lung
0.0345,0.2775,0.30545,0.29115,0.04225,0.04915
